,Name,Year,GOALS,GOALS,GOALS,GOALS,GOALS,GOALS,GOALS,GOALS,GOALS,GOALS,GOALS,GOALS,GOALS,GOALS,GOALS,GOALS,GOALS,GOALS,GOALS
,Name,Year,Control,Power,Consuming,Knowledge,Information,Surveillance,Security,Money Wealth,Change,Progress,Community,Empowerment,Decoration,Escape,Symbolism,Globalisation,Mobility,Visibility,Fun
0,CH-1995-1,1995,0.0,0.0,0.0,1.0,0.0,0.0,0.0,0.0,0.0,0.0,0.0,0.0,0.0,1.0,0.0,0.0,0.0,0.0,0.0
1,CH-1995-3,1995,0.3,0.0,0.0,0.0,0.0,0.0,0.0,0.4,0.0,0.7,0.3,0.2,0.1,0.0,0.0,0.0,0.3,0.0,0.0
2,E-1995-4,1995,0.0,0.0,0.0,0.0,0.0,0.0,0.0,0.0,0.0,0.0,0.0,0.0,0.0,0.0,0.0,0.0,0.0,0.0,0.0
3,E-1995-7,1995,0.0,0.0,0.0,0.0,0.0,0.0,0.0,0.0,0.0,0.0,0.0,0.0,0.0,0.0,0.0,0.0,0.0,0.0,0.0
4,E-1995-19,1995,0.0,0.0,0.0,0.0,0.0,0.0,0.0,0.0,0.0,0.0,0.0,0.0,0.0,0.0,0.0,0.0,0.0,0.0,0.0
5,E-1995-23,1995,0.0,0.0,0.0,0.0,0.0,0.0,0.0,0.0,0.0,0.0,0.0,0.0,0.0,0.0,0.0,0.0,0.0,0.0,0.0
6,E-1995-34,1995,0.0,0.0,0.0,0.0,0.0,0.0,0.0,0.0,0.0,0.0,0.0,0.0,0.0,0.0,0.0,0.0,0.0,0.0,0.0
7,I-1995-2,1995,0.0,0.0,0.0,0.0,0.0,0.0,0.0,0.0,0.0,0.0,0.0,0.0,0.0,0.0,0.0,0.0,0.0,0.0,0.0
8,I-1995-12,1995,0.0,0.0,0.0,0.0,0.0,0.0,0.0,0.0,0.0,0.0,0.0,0.0,0.0,0.0,0.0,0.0,0.0,0.0,0.0
9,I-1995-19,1995,0.0,0.0,0.0,0.0,0.0,0.0,0.0,0.0,0.0,0.0,0.0,0.0,0.0,0.0,0.0,0.0,0.0,0.0,0.0
10,E-1996-7,1996,0.0,0.0,0.0,0.0,0.0,0.0,0.0,0.0,0.0,0.0,0.0,0.0,0.0,0.0,0.0,0.0,0.0,0.0,0.0
11,E-1996-9,1996,0.0,0.0,0.0,0.0,0.0,0.0,0.0,0.0,0.0,0.0,0.0,0.0,0.0,0.0,0.0,0.0,0.0,0.0,0.0
12,Blue Poster_1997,1997,0.0,0.0,0.0,0.0,0.0,0.0,0.0,0.0,0.0,0.0,0.0,0.0,0.0,0.0,0.0,0.0,0.0,0.0,0.0
13,Connection_1997,1997,0.0,0.0,0.0,0.0,0.0,0.0,0.0,0.0,0.0,0.0,0.0,0.0,0.0,0.0,0.0,0.0,0.0,0.0,0.0
14,Decor_1997,1997,0.0,0.0,0.0,0.0,0.0,0.0,0.0,0.0,0.0,0.0,0.0,0.0,0.0,0.0,0.0,0.0,0.0,0.0,0.0
15,Doll's House_1997,1997,0.0,0.0,0.0,0.0,0.0,0.0,0.0,0.0,0.0,0.0,0.0,0.0,0.0,0.0,0.0,0.0,0.0,0.0,0.0
16,Eve_1997,1997,0.0,0.0,0.0,0.0,0.0,0.0,0.0,0.0,0.0,0.0,0.0,0.0,0.0,0.0,0.0,0.0,0.0,0.0,0.0
17,Glass_1997,1997,0.0,0.0,0.0,0.0,0.0,0.0,0.0,0.0,0.0,0.0,0.0,0.0,0.0,0.0,0.0,0.0,0.0,0.0,0.0
18,Green Wall_1997,1997,0.0,0.0,0.0,0.0,0.0,0.0,0.0,0.0,0.0,0.0,0.0,0.0,0.0,0.0,0.0,0.0,0.0,0.0,0.0
19,NL-1997-1_1997,1997,0.0,0.0,0.0,0.0,0.0,0.0,0.0,0.0,0.0,0.0,0.0,0.0,0.0,0.0,0.0,0.0,0.0,0.0,0.0
20,Pit_1997,1997,0.0,0.0,0.0,0.0,0.0,0.0,0.0,0.0,0.0,0.0,0.0,0.0,0.0,0.0,0.0,0.0,0.0,0.0,0.0
21,Soil_1997,1997,0.0,0.0,0.0,0.0,0.0,0.0,0.0,0.0,0.0,0.0,0.0,0.0,0.0,0.0,0.0,0.0,0.0,0.0,0.0
22,Wood_1997,1997,0.0,0.0,0.0,0.0,0.0,0.0,0.0,0.0,0.0,0.0,0.0,0.0,0.0,0.0,0.0,0.0,0.0,0.0,0.0
23,Contour_1997,1997,0.0,0.0,0.0,0.0,0.0,0.0,0.0,0.0,0.0,0.0,0.0,0.0,0.0,0.0,0.0,0.0,0.0,0.0,0.0
24,13 Aeroplanes_1998,1998,0.0,0.0,0.0,0.0,0.0,0.0,0.0,0.0,0.0,0.0,0.0,0.0,0.0,0.0,0.0,0.0,0.0,0.0,0.0
25,A Moon_1998(missing),1998,0.0,0.0,0.0,0.0,0.0,0.0,0.0,0.0,0.0,0.0,0.0,0.0,0.0,0.0,0.0,0.0,0.0,0.0,0.0
26,Bay Area_1998,1998,0.0,0.0,0.0,0.0,0.0,0.0,0.0,0.0,0.0,0.0,0.0,0.0,0.0,0.0,0.0,0.0,0.0,0.0,0.0
27,Constellation_1998,1998,0.0,0.0,0.0,0.0,0.0,0.0,0.0,0.0,0.0,0.0,0.0,0.0,0.0,0.0,0.0,0.0,0.0,0.0,0.0
28,Double Mist_1998,1998,0.0,0.0,0.0,0.0,0.0,0.0,0.0,0.0,0.0,0.0,0.0,0.0,0.0,0.0,0.0,0.0,0.0,0.0,0.0
29,H2O_1998,1998,0.0,0.0,0.0,0.0,0.0,0.0,0.0,0.0,0.0,0.0,0.0,0.0,0.0,0.0,0.0,0.0,0.0,0.0,0.0
30,High Pool_1998,1998,0.0,0.0,0.0,0.0,0.0,0.0,0.0,0.0,0.0,0.0,0.0,0.0,0.0,0.0,0.0,0.0,0.0,0.0,0.0
31,Landscape_1998,1998,0.0,0.0,0.0,0.0,0.0,0.0,0.0,0.0,0.0,0.0,0.0,0.0,0.0,0.0,0.0,0.0,0.0,0.0,0.0
32,Long Beach_1998,1998,0.0,0.0,0.0,0.0,0.0,0.0,0.0,0.0,0.0,0.0,0.0,0.0,0.0,0.0,0.0,0.0,0.0,0.0,0.0
33,Meander_1998,1998,0.0,0.0,0.0,0.0,0.0,0.0,0.0,0.0,0.0,0.0,0.0,0.0,0.0,0.0,0.0,0.0,0.0,0.0,0.0
34,Neon_1998,1998,0.0,0.0,0.0,0.0,0.0,0.0,0.0,0.0,0.0,0.0,0.0,0.0,0.0,0.0,0.0,0.0,0.0,0.0,0.0
35,Suburb_1998,1998,0.0,0.0,0.0,0.0,0.0,0.0,0.0,0.0,0.0,0.0,0.0,0.0,0.0,0.0,0.0,0.0,0.0,0.0,0.0
36,Transit_1998,1998,0.0,0.0,0.0,0.0,0.0,0.0,0.0,0.0,0.0,0.0,0.0,0.0,0.0,0.0,0.0,0.0,0.0,0.0,0.0
37,Water_1998,1998,0.0,0.0,0.0,0.0,0.0,0.0,0.0,0.0,0.0,0.0,0.0,0.0,0.0,0.0,0.0,0.0,0.0,0.0,0.0
38,Apartment_1999,1999,0.0,0.0,0.0,0.0,0.0,0.0,0.0,0.0,0.0,0.0,0.0,0.0,0.0,0.0,0.0,0.0,0.0,0.0,0.0
39,3 Piano_1999,1999,0.0,0.0,0.0,0.0,0.0,0.0,0.0,0.0,0.0,0.0,0.0,0.0,0.0,0.0,0.0,0.0,0.0,0.0,0.0
40,Avenue_1999,1999,0.0,0.0,0.0,0.0,0.0,0.0,0.0,0.0,0.0,0.0,0.0,0.0,0.0,0.0,0.0,0.0,0.0,0.0,0.0
41,Block_1999,1999,0.0,0.0,0.0,0.0,0.0,0.0,0.0,0.0,0.0,0.0,0.0,0.0,0.0,0.0,0.0,0.0,0.0,0.0,0.0
42,Circuit_1999,1999,0.0,0.0,0.0,0.0,0.0,0.0,0.0,0.0,0.0,0.0,0.0,0.0,0.0,0.0,0.0,0.0,0.0,0.0,0.0
43,Corridor_1999,1999,0.0,0.0,0.0,0.0,0.0,0.0,0.0,0.0,0.0,0.0,0.0,0.0,0.0,0.0,0.0,0.0,0.0,0.0,0.0
44,Interval_1999,1999,0.0,0.0,0.0,0.0,0.0,0.0,0.0,0.0,0.0,0.0,0.0,0.0,0.0,0.0,0.0,0.0,0.0,0.0,0.0
45,Set_1999,1999,0.0,0.0,0.0,0.0,0.0,0.0,0.0,0.0,0.0,0.0,0.0,0.0,0.0,0.0,0.0,0.0,0.0,0.0,0.0
46,Transfer_1999,1999,0.0,0.0,0.0,0.0,0.0,0.0,0.0,0.0,0.0,0.0,0.0,0.0,0.0,0.0,0.0,0.0,0.0,0.0,0.0
47,Descent_2000,2000,0.0,0.0,0.0,0.0,0.0,0.0,0.0,0.0,0.0,0.0,0.5,0.0,0.3,0.0,0.0,0.0,1.0,0.0,0.0
48,Balance_2000,2000,0.0,0.0,0.0,0.0,0.0,0.0,1.0,0.0,0.0,0.0,0.5,0.0,0.5,0.0,0.0,0.0,1.0,0.6,0.0
49,Complex_2000,2000,0.0,0.0,0.0,0.0,0.0,0.0,0.0,1.0,0.0,0.0,0.0,0.0,0.3,0.7,0.0,0.0,0.0,0.2,0.5
50,Court_2000,2000,0.0,0.0,0.0,0.0,0.0,0.0,0.2,0.0,0.0,0.0,0.5,0.0,1.0,0.0,0.0,0.0,0.0,1.0,0.5
51,Facade_2000,2000,0.0,0.0,0.0,0.0,0.0,0.0,0.5,0.0,0.0,0.0,0.0,0.0,0.5,0.0,0.0,0.0,0.0,1.0,0.0
52,Flow_2000,2000,0.5,0.0,0.0,0.0,0.0,0.0,0.2,0.4,0.0,0.0,0.7,0.0,0.0,0.5,0.0,0.0,1.0,0.0,0.0
53,Home_2000,2000,0.0,0.0,0.8,0.0,0.0,0.0,0.0,0.0,0.0,0.3,0.0,0.3,1.0,0.0,0.0,0.0,0.0,1.0,0.5
54,Neighbourhood_2000,2000,0.5,0.0,0.0,0.0,0.0,0.0,0.5,0.5,0.0,0.3,0.3,0.0,0.0,0.0,0.0,0.0,0.6,0.6,0.0
55,Spot_2000,2000,0.0,0.7,0.4,0.0,0.0,0.0,0.0,1.0,0.0,0.0,0.0,0.0,0.3,0.7,0.0,0.0,0.0,0.8,0.5
56,Capital_2000,2000,0.0,1.0,0.6,0.0,0.7,0.0,0.0,1.0,1.0,0.5,0.0,0.0,0.7,0.0,0.4,0.5,0.5,1.0,0.5
57,Parallel_2000,2000,0.7,0.0,0.0,0.0,0.0,0.0,1.0,0.0,1.0,0.7,0.7,0.0,0.0,0.0,0.0,0.0,0.0,0.4,0.0
58,Exit_2001,2001,0.5,0.0,0.0,0.0,0.0,0.0,1.0,0.0,0.0,0.0,0.0,0.0,0.0,0.6,0.0,0.0,0.0,0.0,0.0
59,Ground_2001,2001,0.0,0.0,0.0,0.5,0.0,0.0,0.0,0.0,0.0,0.0,0.3,0.0,0.0,1.0,0.0,0.0,0.0,0.0,0.5
60,Passing_2001,2001,0.0,0.0,0.0,0.0,0.0,0.0,0.0,0.0,0.0,0.3,0.0,0.0,0.0,0.0,0.0,0.0,1.0,0.0,0.0
61,Setting_2001,2001,1.0,0.0,1.0,0.0,0.0,1.0,0.0,0.0,0.0,0.0,1.0,0.0,0.0,0.0,0.0,0.0,0.0,0.0,0.0
62,Still_2001,2001,0.0,0.0,0.0,0.0,0.0,0.0,0.0,0.0,0.0,0.0,0.0,0.0,0.0,0.0,0.0,0.0,1.0,0.0,0.0
63,Building_2001,2001,0.0,0.0,1.0,0.0,0.5,0.0,0.0,0.7,0.3,0.2,0.0,0.0,0.4,0.0,0.0,0.0,0.0,1.0,0.0
64,Expo_2001,2001,0.0,0.0,0.0,0.0,0.0,0.0,0.0,0.6,0.0,0.0,0.6,0.5,0.7,0.0,0.0,0.0,0.0,0.8,0.4
65,Flux_2001,2001,0.2,0.0,1.0,0.0,1.0,0.0,0.0,0.7,0.2,0.2,0.2,0.0,0.0,0.0,0.0,0.0,0.0,0.3,0.0
66,Intersection_2001,2001,0.7,0.0,0.0,0.0,0.0,0.0,1.0,0.0,0.0,0.0,0.0,0.0,0.7,0.0,0.0,0.0,1.0,0.6,0.0
67,Two Sixty Four_2001,2001,0.0,0.0,1.0,0.0,0.0,0.0,0.0,1.0,0.0,0.0,0.0,0.0,0.0,0.0,0.0,0.0,0.0,1.0,0.0
68,Domicile_2002,2002,0.0,0.0,0.0,0.0,0.0,0.0,0.0,0.0,0.3,0.0,0.0,0.5,0.7,0.0,0.0,0.0,0.0,1.0,0.1
69,Park _2002,2002,1.0,0.0,0.0,0.0,0.0,0.0,1.0,0.0,0.0,0.0,0.5,0.2,0.0,0.0,0.0,1.0,1.0,0.6,0.0
70,Gate_2002,2002,1.0,0.0,0.0,0.0,0.0,1.0,1.0,0.0,0.0,0.0,0.0,0.0,0.0,0.0,0.0,0.6,1.0,0.0,0.0
71,Mezzanine_2002,2002,1.0,0.0,0.4,0.0,0.5,1.0,1.0,0.0,0.0,0.2,0.0,0.0,0.5,0.0,0.0,0.0,1.0,1.0,0.7
72,Quarter_2002,2002,0.0,0.0,0.0,0.0,0.0,0.0,0.3,0.5,0.0,0.7,0.5,0.0,0.0,0.0,1.0,0.0,0.0,1.0,0.0
73,Terrace_2002,2002,0.0,0.5,0.3,0.0,0.0,0.0,0.0,0.7,0.0,0.1,0.0,0.0,0.0,0.0,0.0,0.0,0.0,0.0,0.0
74,Tube_2002,2002,0.3,0.0,0.0,0.0,0.0,1.0,1.0,0.0,0.0,0.5,0.0,0.5,0.6,0.2,0.0,0.0,1.0,0.5,0.0
75,Intermezzo_2003,2003,1.0,0.0,0.0,0.0,0.0,0.0,1.0,0.0,0.0,0.0,0.0,0.0,0.5,0.0,0.0,0.0,1.0,0.0,0.0
76,Info_2003,2003,0.0,0.0,0.0,0.0,1.0,0.0,0.5,0.0,0.0,0.5,0.5,1.0,0.3,0.0,0.0,0.0,0.5,0.7,0.0
77,Tour_2003,2003,0.0,0.0,0.0,0.0,0.0,0.0,0.0,0.0,0.0,0.5,1.0,0.0,0.0,0.5,0.0,0.8,1.0,0.5,0.0
78,Midi_2003,2003,0.4,0.0,0.0,0.0,0.0,0.0,0.3,0.0,0.0,0.0,0.5,0.0,0.0,0.0,0.0,1.0,1.0,0.0,0.0
79,Lille_2003,2003,0.4,0.0,0.0,0.0,0.0,0.0,0.3,0.0,0.0,0.0,0.5,0.0,0.0,0.0,0.0,1.0,1.0,0.5,0.0
80,Metro_2003,2003,0.7,0.0,0.0,0.0,0.0,0.4,1.0,0.0,0.0,0.0,0.0,0.0,0.0,1.0,0.0,0.0,1.0,0.0,0.0
81,Etage_2003,2003,0.5,0.0,0.0,0.0,0.0,0.0,0.5,0.0,0.0,0.0,0.5,0.0,0.0,0.5,0.0,0.0,1.0,0.0,0.0
82,Platform_2003,2003,0.0,1.0,0.0,0.0,1.0,0.0,0.0,0.0,1.0,1.0,0.8,0.0,0.0,0.0,0.7,1.0,1.0,1.0,0.0
83,Habitat_2003,2003,0.0,0.0,0.0,0.0,1.0,0.0,0.0,0.0,0.0,1.0,1.0,0.0,0.7,0.0,1.0,0.0,0.0,0.0,0.0
84,Annex_2003,2003,1.0,1.0,0.0,0.0,0.0,0.0,0.0,0.0,1.0,1.0,1.0,0.0,0.0,0.0,1.0,0.0,0.0,1.0,0.0
85,Column_2003,2003,0.0,0.0,0.0,0.0,0.0,0.0,0.0,0.0,1.0,0.0,0.0,0.0,1.0,0.0,0.0,0.0,0.0,0.5,0.0
86,Crop_2003,2003,0.0,0.0,0.0,1.0,1.0,0.0,0.0,0.0,0.0,0.0,0.0,0.0,0.5,0.0,0.0,0.0,0.0,1.0,0.5
87,Focus_2003,2003,0.0,0.0,0.0,0.0,0.0,0.0,0.0,0.0,0.0,0.0,0.0,1.0,1.0,0.0,0.0,0.0,0.0,1.0,0.0
88,Grid_2003,2003,0.0,0.0,0.7,0.0,0.0,0.0,0.7,0.0,1.0,0.0,1.0,0.0,0.0,0.0,0.0,0.0,0.0,0.0,0.0
89,Lobby_2003,2003,1.0,0.0,0.0,0.0,0.0,0.0,1.0,0.0,0.0,0.0,0.0,0.0,0.5,0.0,0.0,0.0,1.0,0.0,0.0
90,Model_2003,2003,1.0,1.0,0.0,0.0,0.0,0.5,0.5,0.0,1.0,0.0,1.0,0.0,0.0,0.0,1.0,0.0,0.0,0.0,0.0
91,Plateau_2003,2003,1.0,1.0,0.0,0.0,1.0,0.0,0.0,0.0,1.0,1.0,1.0,1.0,0.0,0.0,1.0,0.0,1.0,1.0,0.0
92,Prospect_2004,2004,0.0,0.0,0.0,1.0,1.0,0.0,0.0,0.0,0.0,1.0,1.0,1.0,0.0,0.0,0.5,0.0,0.0,0.8,0.0
93,Nexus_2004,2004,0.0,0.0,0.0,1.0,1.0,0.0,0.0,0.0,0.0,1.0,1.0,1.0,0.5,0.0,0.5,0.0,0.0,1.0,0.0
94,Level_2004,2004,0.5,0.0,0.0,1.0,1.0,0.0,0.0,0.0,0.0,1.0,0.0,1.0,0.8,0.5,0.8,0.0,0.0,1.0,0.2
95,Gazette_2004,2004,0.0,1.0,0.0,0.0,1.0,0.0,0.0,0.0,0.0,0.0,0.0,0.0,0.0,0.0,0.3,0.0,0.0,0.5,0.0
96,Plan_2004,2004,1.0,0.3,0.0,0.0,0.3,0.5,1.0,0.0,0.0,0.0,0.0,1.0,0.0,0.0,0.0,0.0,0.0,0.0,0.0
97,Frame_2004,2004,1.0,0.0,0.0,0.0,0.0,0.5,0.5,0.0,0.0,0.0,0.0,0.0,0.5,0.0,0.3,0.0,0.0,1.0,0.0
98,Section_2004,2004,0.5,0.0,0.0,0.0,0.0,0.5,0.5,0.0,0.0,0.0,0.0,0.0,0.5,0.0,0.3,0.0,0.0,1.0,0.0
99,Facet_2004,2004,0.0,0.0,0.0,1.0,1.0,0.0,0.0,0.0,0.0,1.0,1.0,0.0,0.5,0.0,0.7,0.0,0.0,1.0,0.0
100,Class_2004,2004,0.3,0.6,0.0,1.0,1.0,0.0,0.0,0.2,0.0,1.0,0.4,1.0,0.0,0.0,0.0,0.0,0.0,0.0,0.2
101,Panorama_2004,2004,0.3,0.8,0.4,0.0,0.0,0.0,0.5,0.7,0.0,0.3,0.3,0.0,0.0,0.0,0.0,0.0,0.0,1.0,0.0
102,Sequence_2004,2004,0.0,0.0,0.4,0.0,0.0,0.0,0.0,0.0,0.5,0.3,0.0,0.0,0.0,0.0,0.0,0.0,0.0,0.0,0.0
103,Palace_2004,2004,1.0,1.0,0.0,0.0,1.0,1.0,0.7,0.0,0.0,0.0,0.0,0.0,0.0,0.0,1.0,0.0,0.0,1.0,0.0
104,Link_2004,2004,1.0,0.0,0.5,0.0,0.0,1.0,1.0,1.0,0.0,0.0,0.0,0.0,0.0,0.0,0.0,0.0,1.0,0.2,0.0
105,Gallery_2004,2004,0.3,0.4,0.4,0.0,0.0,0.5,0.8,0.7,0.0,0.3,0.3,0.0,0.0,0.0,0.0,0.0,0.0,0.7,0.0
106,Front_2004,2004,0.0,0.0,0.0,0.0,0.0,0.0,0.0,0.0,0.5,0.3,0.0,0.0,0.0,0.0,0.0,0.0,0.0,0.0,0.0
107,Canvas_2004,2004,0.7,0.0,0.0,0.0,0.0,0.0,1.0,0.8,0.0,0.3,0.0,0.0,0.0,0.0,0.0,0.0,0.0,0.5,0.0
108,Match_2004,2004,0.0,0.0,1.0,0.0,0.0,0.0,0.0,1.0,0.0,0.0,0.3,0.0,0.0,1.0,0.0,0.0,0.0,0.0,1.0
109,Scene_2004,2004,0.0,0.3,0.5,0.0,0.0,0.0,0.0,0.8,0.0,0.0,0.0,0.0,0.0,0.0,0.0,0.5,1.0,0.0,0.0
110,Module_2004,2004,0.2,0.0,0.0,0.0,0.0,0.0,0.5,0.0,0.0,0.0,1.0,0.0,0.0,0.0,0.0,0.0,0.0,0.0,0.0
111,Zone_2004,2004,0.5,0.0,0.0,0.0,0.0,0.5,0.5,0.0,0.0,0.0,1.0,0.0,0.0,0.0,0.0,0.0,0.0,0.0,0.0
112,Loop_2005,2005,0.5,0.0,0.0,0.0,0.0,0.0,0.5,0.0,0.0,0.0,0.0,0.0,0.0,0.0,0.0,0.0,0.0,0.2,0.0
113,Enterprise_2005,2005,0.0,0.4,1.0,0.0,0.5,0.0,0.0,0.8,0.0,0.3,0.2,0.0,0.0,0.3,0.3,0.1,0.0,0.8,0.0
114,Display_2005,2005,0.5,0.5,0.8,0.0,0.0,0.5,0.0,0.8,0.0,0.0,0.0,0.2,0.0,0.2,0.5,0.5,1.0,0.8,0.0
115,Enclave_2005,2005,0.0,0.0,0.0,1.0,0.0,0.0,0.0,0.0,0.5,0.0,0.8,0.8,0.8,0.8,1.0,0.0,0.0,0.5,0.5
116,Domain_2005,2005,0.0,0.0,0.0,0.0,0.5,0.0,0.5,0.0,0.5,0.0,0.0,0.0,0.5,0.0,0.0,0.0,0.0,0.5,0.3
117,Room_2005,2005,0.0,0.4,0.0,0.0,0.0,0.0,0.0,0.0,0.0,0.4,0.6,0.0,0.5,0.5,0.0,0.0,0.0,0.8,0.8
118,Core_2005,2005,0.0,0.0,0.0,0.0,0.0,0.0,0.0,0.0,0.0,0.5,0.6,0.0,0.5,0.5,0.0,0.0,0.0,0.8,0.8
119,Palette_2005,2005,0.0,0.0,0.0,0.0,0.0,0.0,0.0,0.0,0.0,0.4,0.6,0.0,0.5,0.5,0.0,0.0,0.0,0.8,0.5
120,Queue_2005,2005,0.0,0.3,0.0,0.0,0.0,0.0,0.0,0.0,0.0,0.5,0.5,0.0,0.3,0.0,0.2,0.0,0.5,1.0,0.0
121,Unit_2005,2005,0.5,0.0,0.0,0.0,0.0,0.0,0.5,0.0,0.0,0.0,0.0,0.0,0.0,0.0,0.0,0.0,0.3,0.0,0.0
122,Reservoir_2005,2005,0.8,0.0,0.5,0.5,0.8,0.0,0.0,0.0,0.0,0.0,0.3,0.0,0.5,0.5,0.5,0.0,0.0,0.5,0.5
123,Image_2005,2005,0.0,0.7,0.0,0.0,0.5,0.0,0.0,0.0,0.0,0.7,0.0,0.0,0.8,0.0,0.0,0.0,0.0,0.8,0.4
124,Regime_2005,2005,0.8,0.6,0.0,0.0,0.0,0.0,0.8,0.0,0.0,0.0,0.8,0.3,1.0,0.0,0.5,0.0,0.0,0.5,0.0
125,Border_2005,2005,0.0,0.0,0.5,0.0,0.0,0.0,0.5,0.0,0.0,0.7,0.7,0.0,0.8,0.0,1.0,0.0,0.0,0.7,0.0
126,Storey_2005,2005,0.0,0.0,0.0,0.0,0.5,0.0,0.0,0.0,0.0,1.0,0.0,0.5,0.5,0.0,0.3,0.0,0.0,1.0,0.5
127,Circle_2006,2006,0.5,0.5,0.0,0.5,0.0,0.3,0.5,0.0,0.0,0.0,0.0,0.0,0.3,0.0,0.3,0.0,0.0,0.0,0.0
128,Memo_2006,2006,0.5,0.0,0.0,0.0,0.7,0.0,0.0,0.0,0.0,0.3,0.0,0.3,0.2,0.0,0.5,0.0,0.0,0.5,0.0
129,Contact_2006,2006,0.5,0.5,0.0,0.0,0.0,0.5,0.7,0.0,0.0,0.0,0.2,0.4,0.0,0.0,0.0,0.0,0.3,0.0,0.0
130,Collage_2006,2006,0.0,0.0,0.5,0.0,0.3,0.0,0.0,0.0,0.0,0.0,0.0,0.0,0.5,0.0,0.3,0.0,0.0,0.5,0.0
131,Filter_2006,2006,0.0,0.3,0.0,0.0,0.0,0.0,0.0,0.0,0.0,0.0,0.0,0.0,0.7,0.0,0.0,0.0,0.0,0.5,0.0
132,Corner_2006,2006,0.5,0.0,0.0,0.0,0.0,0.0,0.5,0.0,0.0,0.0,0.0,0.3,0.5,0.0,0.0,0.3,0.0,0.2,0.0
133,Bloom_2006,2006,0.0,0.0,0.0,0.0,0.0,0.0,0.0,0.0,0.0,0.0,0.3,0.3,1.0,0.0,0.8,0.0,0.0,0.9,0.2
134,Fringe_2006,2006,0.5,0.0,0.2,0.0,0.1,0.0,0.0,0.3,0.1,0.0,0.0,0.0,0.0,0.0,0.0,0.3,0.0,0.3,0.0
135,Array_2006,2006,0.0,0.0,0.0,0.0,0.0,0.0,0.2,0.0,0.0,0.0,0.0,0.0,0.6,0.0,0.0,0.0,0.0,0.7,0.7
136,Cycle_2006,2006,1.0,0.0,0.3,0.0,0.0,0.2,0.6,0.0,0.0,0.7,0.0,0.4,0.0,0.0,0.2,0.6,1.0,0.5,0.0
137,Interlude_2006,2006,0.8,0.8,0.6,0.0,0.5,0.0,0.0,0.0,0.0,1.0,0.0,0.7,0.8,0.0,0.4,0.6,0.0,0.8,0.0
138,Studio_2006,2006,1.0,0.0,0.0,0.0,0.0,0.8,1.0,0.0,0.0,0.5,0.2,0.0,1.0,0.0,0.6,0.4,0.0,0.8,0.0
139,Arcade_2006,2006,1.0,0.5,1.0,0.0,0.5,0.7,0.0,1.0,0.0,0.3,0.3,0.0,0.5,0.0,0.5,0.8,0.0,1.0,0.3
140,Mirage_2006,2006,0.1,1.0,0.8,0.0,1.0,0.0,0.0,0.5,0.0,0.0,0.0,0.0,0.8,0.5,0.8,1.0,0.0,1.0,1.0
141,Sector_2006,2006,0.5,0.5,0.0,0.5,0.0,0.3,0.5,0.0,0.0,0.0,0.0,0.0,0.3,0.0,0.3,0.0,0.0,0.0,0.0
142,Entrance_2006,2006,0.0,0.0,0.0,0.0,0.0,0.0,0.0,0.5,0.0,0.0,0.0,0.0,0.8,0.0,0.0,0.0,0.0,0.5,0.3
143,Square_2006,2006,1.0,0.0,0.0,0.0,0.0,0.0,1.0,0.0,0.0,0.0,0.0,0.5,0.7,0.0,0.0,0.0,1.0,0.8,0.0
144,Screen_2006,2006,0.0,1.0,0.0,0.0,0.0,0.0,0.0,0.0,0.0,0.0,0.0,0.5,0.5,0.8,0.2,0.0,0.0,0.4,0.8
145,Network_2006,2006,0.0,0.0,0.0,0.0,0.0,0.5,0.0,0.0,0.0,0.0,0.0,0.0,0.2,0.3,0.2,0.0,0.5,0.5,0.0
146,Presence_2006,2006,0.2,0.0,0.0,0.0,0.2,0.0,0.2,0.0,0.0,0.0,0.0,0.0,0.0,0.0,0.0,0.0,0.0,0.1,0.0
147,Exposure_2007,2007,0.0,0.0,0.0,0.5,0.0,0.0,0.0,0.0,1.0,1.0,0.0,0.5,0.0,0.5,0.0,0.0,0.2,1.0,0.5
148,Base_2007,2007,0.3,0.0,0.4,0.0,0.0,0.0,0.0,0.0,0.0,0.0,1.0,0.5,0.0,0.7,0.0,0.3,0.0,0.7,0.7
149,Center_2007,2007,0.8,0.8,0.0,0.0,1.0,0.5,0.0,0.0,0.0,0.0,0.3,0.0,0.0,0.0,0.0,0.0,0.0,0.0,0.0
150,Access_2007,2007,0.3,0.0,0.0,0.0,0.0,0.0,0.0,0.3,0.0,0.4,0.1,0.0,0.0,0.0,0.0,0.2,1.0,0.0,0.0
151,Aperture_2007,2007,0.5,0.0,0.0,0.0,0.0,0.0,0.4,0.0,0.0,0.0,0.0,0.0,0.0,0.0,0.0,0.0,0.5,0.0,0.0
152,Detail_2007,2007,1.0,0.6,0.0,0.5,0.0,0.0,0.0,0.0,0.0,0.0,0.0,0.0,1.0,0.7,1.0,0.0,0.0,1.0,0.7
153,Dynasty_2007,2007,0.0,0.5,0.6,0.0,0.5,0.0,0.0,1.0,0.5,0.5,0.0,0.4,1.0,0.5,1.0,0.8,0.0,1.0,0.2
154,Living_2007,2007,0.0,0.0,0.0,0.0,0.0,0.0,0.0,0.6,0.0,0.0,0.2,0.0,0.0,0.0,0.0,0.0,0.0,0.7,0.0
155,Passage_2007,2007,0.0,0.0,0.0,0.0,0.0,0.0,0.0,0.0,0.0,0.0,0.0,0.0,0.0,0.5,0.0,0.0,1.0,0.0,0.0
156,Bouquet_2008,2008,0.0,0.0,0.9,0.0,0.0,0.0,0.0,0.5,0.5,0.0,0.0,0.0,1.0,0.0,1.0,0.0,0.0,1.0,1.0
157,Forum_2008,2008,0.0,0.6,0.4,0.8,0.0,0.0,0.0,0.0,0.0,1.0,1.0,1.0,0.1,0.7,0.3,0.3,0.0,0.8,0.8
158,House_2008,2008,0.0,0.0,0.0,0.0,0.0,0.0,0.0,0.0,0.0,1.0,0.0,0.0,0.0,0.0,0.0,0.0,0.0,0.2,0.0
159,Territory_2008,2008,0.0,0.0,0.4,0.8,1.0,0.0,0.3,0.0,0.0,0.0,0.0,0.4,0.5,0.3,0.3,0.0,0.3,0.1,0.8
160,Labyrinth_2008,2008,0.2,0.0,0.0,0.0,0.0,0.0,0.0,0.0,0.0,0.0,0.0,0.0,0.7,0.0,0.0,0.0,0.0,0.5,0.0
161,Cluster_2008,2008,0.4,0.0,0.0,0.0,0.0,0.0,0.5,0.5,0.0,0.0,0.8,0.0,0.0,0.0,0.0,0.2,0.2,0.5,0.0
162,Atmosphere_2008,2008,0.0,0.0,0.0,0.0,0.0,0.0,0.0,0.0,0.0,0.0,0.0,0.0,0.0,0.0,0.0,0.5,0.0,0.8,0.4
163,Volume_2008,2008,0.2,0.0,0.0,1.0,1.0,0.0,0.0,0.0,0.0,0.0,0.0,0.4,0.2,0.3,0.4,0.0,0.0,0.6,0.7
164,Support_2008,2008,0.2,0.0,0.0,0.0,0.0,0.0,0.3,0.0,0.0,0.0,0.0,0.0,0.7,0.0,0.0,0.0,0.0,0.5,0.0
165,Junction_2008,2008,0.0,0.5,0.0,0.0,0.0,0.0,0.0,0.5,0.0,0.0,0.0,0.0,0.0,0.0,0.0,0.2,0.7,0.3,0.0
166,Spectrum_2008,2008,0.0,0.0,0.0,0.8,0.0,0.0,0.0,0.0,0.5,0.5,0.0,0.4,0.4,0.3,0.6,0.0,0.0,1.0,0.4
167,Replica_2008,2008,0.0,0.0,0.0,0.0,0.0,0.0,0.0,0.0,0.0,0.0,0.0,0.0,0.2,0.0,0.0,0.0,0.0,0.0,0.0
168,Control_2008,2008,1.0,1.0,0.4,1.0,1.0,0.5,1.0,0.0,0.0,0.0,0.5,0.7,0.4,0.5,0.8,0.4,0.8,0.8,0.8
169,Nature_2008,2008,0.0,0.0,0.0,0.0,0.5,0.0,0.0,0.0,0.0,0.0,0.5,0.5,0.3,0.0,0.4,0.0,0.0,1.0,0.3
170,Project_2008,2008,0.3,0.0,0.5,0.0,0.5,0.0,0.0,0.0,0.5,0.7,0.3,0.0,0.0,0.0,0.0,0.0,0.0,0.0,0.0
171,Property_2008,2008,0.0,0.0,1.0,0.0,0.0,0.0,0.5,0.8,0.0,0.3,0.5,0.0,0.8,0.0,0.5,0.0,0.0,0.8,0.0
172,Summit_2008,2008,0.0,0.0,1.0,0.0,0.5,0.0,0.0,0.0,0.0,0.0,0.5,0.5,0.8,1.0,1.0,0.4,0.0,0.5,1.0
173,Transition_2008,2008,0.5,0.0,0.5,0.0,0.0,0.0,0.2,0.0,0.0,0.0,0.0,0.0,0.0,0.0,0.0,0.0,1.0,0.0,0.0
174,Site_2008,2008,0.7,1.0,1.0,0.0,0.0,0.0,0.0,1.0,0.0,1.0,0.4,0.0,0.0,0.0,0.5,0.8,1.0,1.0,0.0
175,Matrix_2008,2008,0.8,0.5,0.5,0.0,0.0,0.3,0.0,0.5,0.0,0.3,0.0,0.0,0.0,0.0,0.0,0.8,0.5,0.0,0.0
176,Monitor_2008(missing),2008,0.5,0.0,1.0,1.0,1.0,0.0,0.0,0.0,0.0,1.0,1.0,1.0,0.0,0.0,0.0,1.0,0.0,1.0,0.5
177,Flood_2009,2009,0.0,0.5,0.5,0.0,1.0,0.0,0.0,0.4,0.0,0.0,0.0,0.0,0.0,0.0,0.8,0.0,0.0,1.0,0.0
178,Picture a Mirror_2009,2009,0.0,0.0,0.0,0.0,0.0,0.2,0.2,0.0,0.3,0.0,0.0,0.3,1.0,0.0,0.0,0.0,0.0,0.5,0.0
179,Matter_2009,2009,0.5,0.5,0.5,0.0,0.0,0.0,0.0,0.8,0.0,0.5,0.5,0.0,0.0,0.0,0.0,0.8,0.8,0.8,0.0
180,Play_2009,2009,1.0,0.0,0.0,0.0,0.0,0.0,0.0,0.0,0.0,0.5,0.0,0.5,0.0,0.0,0.8,0.0,0.0,0.0,1.0
181,Race_2009,2009,0.5,0.0,0.8,0.0,0.0,0.0,0.0,0.8,0.0,0.0,0.3,0.5,0.0,1.0,0.0,0.5,0.8,0.8,1.0
182,Condominium_2010,2010,0.0,1.0,1.0,0.0,0.6,0.0,0.0,1.0,0.3,0.5,0.2,0.7,1.0,0.0,1.0,0.5,0.0,1.0,0.0
183,The English House_2010,2010,0.0,0.0,0.5,0.3,0.5,0.0,0.0,0.0,0.0,0.5,0.6,0.0,0.7,0.8,1.0,0.5,0.0,0.5,1.0
184,Green Zone_2010,2010,1.0,0.0,0.5,0.0,0.0,0.0,0.0,0.0,0.0,0.5,0.8,0.5,0.0,0.5,0.8,0.0,0.0,0.0,1.0
185,SuperVision_2010,2010,1.0,0.0,0.0,0.0,0.0,0.8,1.0,0.0,0.0,0.0,1.0,0.5,0.0,0.2,0.2,0.0,0.0,0.6,0.0
186,China Halo_2010,2010,0.0,1.0,0.0,0.0,0.0,0.0,0.0,0.0,0.0,0.0,0.0,0.6,1.0,0.0,1.0,1.0,0.0,1.0,1.0
187,Crossover_2010,2010,0.0,0.0,1.0,0.0,0.5,0.0,0.0,0.3,0.3,0.5,0.7,0.0,0.0,0.0,0.0,0.0,0.0,0.3,0.0
188,Premises (in Red)_2010,2010,0.0,1.0,1.0,0.0,0.5,0.0,0.0,0.8,1.0,1.0,0.4,0.0,0.2,0.0,0.8,1.0,0.0,1.0,0.0
189,One Brilliant Complex_2011,2011,1.0,0.0,1.0,0.0,0.0,0.5,0.0,0.0,0.0,0.2,0.8,0.0,1.0,0.0,0.7,0.0,0.0,0.5,0.0
190,The Approach_2011,2011,1.0,0.0,0.0,0.0,0.0,0.0,0.0,0.0,0.0,0.3,0.0,0.3,0.0,0.0,0.0,0.0,1.0,0.0,0.0
191,Double Standard_2012,2012,0.0,0.0,1.0,0.0,0.0,0.0,0.0,0.5,0.0,0.0,0.0,0.0,0.7,0.4,0.2,0.5,0.0,0.0,0.0
192,Plot Ratio_2012,2012,0.5,0.0,1.0,0.0,0.5,0.0,0.0,0.3,0.3,0.3,0.0,0.6,0.2,0.0,0.0,0.0,0.0,0.5,0.0
193,Synchronicity_2012,2012,0.5,0.0,0.5,0.0,0.0,0.0,0.0,0.0,0.0,0.0,0.8,0.0,0.0,0.8,0.0,1.0,0.8,0.8,0.8
194,Costa Blanca_2012,2012,0.0,0.0,0.6,0.0,0.5,0.0,0.0,0.8,0.0,0.5,0.0,0.0,0.0,0.0,0.5,0.5,0.0,1.0,0.0
195,Flatland_2012,2012,0.0,0.5,0.0,0.0,0.0,0.0,0.0,0.0,1.0,0.0,0.1,0.0,0.0,0.0,1.0,0.0,0.0,1.0,0.2
196,Hotel Opportunity_2012,2012,0.0,0.5,1.0,0.0,0.8,0.0,0.0,1.0,0.0,0.0,0.1,0.0,0.4,0.0,0.0,0.8,0.0,1.0,0.3
197,Mission Interlude_2012,2012,0.3,1.0,0.8,0.0,0.0,0.0,0.0,1.0,1.0,1.0,0.3,0.5,0.7,0.2,0.8,1.0,0.0,1.0,0.7
198,Multi Story Building_2012,2012,0.3,0.0,0.0,0.0,0.0,0.0,0.3,0.2,0.0,0.0,0.5,0.0,0.2,0.0,0.0,0.0,0.0,0.1,0.0
199,Timeport_2012,2012,0.0,0.4,0.0,0.0,0.0,0.0,0.0,0.0,0.5,0.5,0.2,0.5,1.0,0.7,0.5,0.5,0.5,0.8,1.0
200,Hollywood_2013,2013,0.0,1.0,0.0,0.0,0.5,0.0,0.0,0.0,0.0,0.0,0.5,0.0,0.8,0.8,1.0,1.0,0.0,1.0,1.0
201,Megalopolis_2013,2013,0.0,0.2,0.0,0.0,0.0,0.0,0.0,0.2,0.0,0.2,0.3,0.0,0.0,0.0,0.0,0.3,0.0,0.0,0.0
202,Paramount_2013,2013,0.5,1.0,0.0,0.0,0.0,0.0,0.0,0.0,0.0,0.0,0.0,0.3,0.7,0.0,1.0,0.0,0.0,0.3,0.0
203,Thriller_2013,2013,0.0,0.0,0.0,0.0,0.0,0.0,0.0,0.0,0.0,0.0,0.0,0.0,1.0,0.5,0.3,0.0,0.0,0.5,0.5
204,Capital no Capital_2013,2013,1.0,1.0,0.0,0.0,0.5,0.5,0.3,0.0,0.0,0.0,0.8,0.0,0.5,0.0,1.0,0.0,0.0,1.0,0.0
205,California_2013,2013,0.8,0.0,0.5,0.0,0.0,0.0,0.0,0.0,0.0,0.0,0.0,0.0,1.0,0.5,0.8,0.0,0.0,0.7,0.5
206,Levante_2013,2013,0.3,0.0,0.8,0.0,0.0,0.0,0.0,0.4,0.0,0.0,0.2,0.0,0.0,0.7,0.0,1.0,0.0,0.0,1.0
207,Propitious Grounds_2013,2013,0.0,0.1,0.0,0.0,0.0,0.0,0.0,0.0,0.3,0.0,0.7,0.5,0.5,0.5,1.0,0.0,0.0,0.3,0.0
208,The Strip_2013,2013,0.3,0.5,0.8,0.0,0.0,0.0,0.0,1.0,0.0,0.0,0.0,0.0,0.7,0.7,0.5,0.5,1.0,1.0,1.0
209,Treasure Gathering Square_2013,2013,0.5,0.0,1.0,0.0,0.2,0.5,0.0,0.5,0.0,0.0,0.0,0.0,0.0,0.0,0.0,1.0,0.0,1.0,0.0
210,The Crossroads_2014,2014,1.0,1.0,0.0,0.0,1.0,1.0,1.0,0.0,1.0,1.0,1.0,1.0,0.0,0.0,1.0,1.0,0.0,1.0,0.0
211,The Deal_2015,2015,1.0,0.3,0.0,0.0,0.0,0.0,0.0,0.0,1.0,0.5,0.0,0.2,0.0,0.0,0.8,0.5,1.0,0.2,0.0
212,Panacea_2015,2015,0.0,0.0,0.8,0.0,0.2,0.0,0.0,0.0,0.0,0.2,0.2,0.0,0.0,0.0,0.0,0.3,0.0,1.0,0.0
213,Wonderland_2015,2015,0.0,1.0,0.0,0.0,0.0,0.0,0.0,0.5,0.0,0.2,0.0,0.0,0.2,0.0,0.1,0.1,0.0,0.6,0.0
214,Momentum_2016,2016,0.3,1.0,0.0,0.5,0.4,0.0,0.0,0.0,0.5,0.5,0.3,0.2,0.5,0.0,1.0,0.2,0.0,0.8,0.2
215,The Next Level_2016,2016,0.0,0.0,0.7,0.1,0.0,0.3,0.0,0.0,0.3,0.3,0.1,0.2,0.1,1.0,0.0,1.0,0.0,0.0,1.0
216,UN_2016,2016,0.0,0.2,0.7,0.0,0.2,0.0,0.0,0.0,0.2,0.3,0.2,0.1,0.5,0.3,0.3,0.4,0.0,0.6,1.0
217,Entracte_2016,2016,1.0,1.0,0.8,0.0,0.0,1.0,1.0,0.7,1.0,0.8,1.0,0.0,0.0,0.0,1.0,0.8,1.0,0.8,0.0
218,Performance_2017,2017,1.0,0.0,0.0,0.0,0.0,0.4,0.0,0.0,0.0,0.0,0.5,0.0,0.0,0.0,0.0,0.0,1.0,0.4,0.0
219,The Valley Continuum_2018,2018,1.0,0.0,0.0,0.5,0.5,0.8,0.0,0.0,0.5,0.8,0.5,0.0,0.0,0.0,0.0,0.5,0.5,0.8,0.2
