Name,Year,Confrontation,Exaggaration,Exclusivity,Conditioning,Repetition,Experimentation,Celebration,Chaos,Presence,Selection,Isolation,Manipulation,Persuasion,Promise,Coï¿½peration,Variety,Improvisation,Destruction,Reconstruction,Simplification,Planning,Constrainment,System
CH-1995-1,1995,0,0,5,0,0,0,0,5,0,0,0,0,1,0,0,0,0,0,0,0,0,0,0,0,0
CH-1995-3,1995,0,0,0,3,0,5,0,0,0,3,0,0,4,0,0,0,0,0,4,0,6,0,2,0,0,0,0,0,7,0,0,5
E-1995-4,1995,0,0,0,0,0,0,0,0,0,0,0,0,0,0,0,0,0,0,0,0,0,0,0
E-1995-7,1995,0,0,0,0,0,0,0,0,0,0,0,0,0,0,0,0,0,0,0,0,0,0,0
E-1995-19,1995,0,0,0,0,0,0,0,0,0,0,0,0,0,0,0,0,0,0,0,0,0,0,0
E-1995-23,1995,0,0,0,0,0,0,0,0,0,0,0,0,0,0,0,0,0,0,0,0,0,0,0
E-1995-34,1995,0,0,0,0,0,0,0,0,0,0,0,0,0,0,0,0,0,0,0,0,0,0,0
I-1995-2,1995,0,0,0,0,0,0,0,0,0,0,0,0,0,0,0,0,0,0,0,0,0,0,0
I-1995-12,1995,0,0,0,0,0,0,0,0,0,0,0,0,0,0,0,0,0,0,0,0,0,0,0
I-1995-19,1995,0,0,0,0,0,0,0,0,0,0,0,0,0,0,0,0,0,0,0,0,0,0,0
E-1996-7,1996,0,0,0,0,0,0,0,0,0,0,0,0,0,0,0,0,0,0,0,0,0,0,0
E-1996-9,1996,0,0,0,0,0,0,0,0,0,0,0,0,0,0,0,0,0,0,0,0,0,0,0
Blue Poster_1997,1997,0,0,0,0,0,0,0,0,0,0,0,0,0,0,0,0,0,0,0,0,0,0,0
Connection_1997,1997,0,0,0,0,0,0,0,0,0,0,0,0,0,0,0,0,0,0,0,0,0,0,0
Decor_1997,1997,0,0,0,0,0,0,0,0,0,0,0,0,0,0,0,0,0,0,0,0,0,0,0
Doll's House_1997,1997,0,0,0,0,0,0,0,0,0,0,0,0,0,0,0,0,0,0,0,0,0,0,0
Eve_1997,1997,0,0,0,0,0,0,0,0,0,0,0,0,0,0,0,0,0,0,0,0,0,0,0
Glass_1997,1997,0,0,0,0,0,0,0,0,0,0,0,0,0,0,0,0,0,0,0,0,0,0,0
Green Wall_1997,1997,0,0,0,0,0,0,0,0,0,0,0,0,0,0,0,0,0,0,0,0,0,0,0
NL-1997-1_1997,1997,0,0,0,0,0,0,0,0,0,0,0,0,0,0,0,0,0,0,0,0,0,0,0
Pit_1997,1997,0,0,0,0,0,0,0,0,0,0,0,0,0,0,0,0,0,0,0,0,0,0,0
Soil_1997,1997,0,0,0,0,0,0,0,0,0,0,0,0,0,0,0,0,0,0,0,0,0,0,0
Wood_1997,1997,0,0,0,0,0,0,0,0,0,0,0,0,0,0,0,0,0,0,0,0,0,0,0
Contour_1997,1997,0,0,0,0,0,0,0,0,0,0,0,0,0,0,0,0,0,0,0,0,0,0,0
13 Aeroplanes_1998,1998,0,0,0,0,0,0,0,0,0,0,0,0,0,0,0,0,0,0,0,0,0,0,0
A Moon_1998,1998,0,0,0,0,0,0,0,0,0,0,0,0,0,0,0,0,0,0,0,0,0,0,0
Bay Area_1998,1998,0,0,0,0,0,0,0,0,0,0,0,0,0,0,0,0,0,0,0,0,0,0,0
Constellation_1998,1998,0,0,0,0,0,0,0,0,0,0,0,0,0,0,0,0,0,0,0,0,0,0,0
Double Mist_1998,1998,0,0,0,0,0,0,0,0,0,0,0,0,0,0,0,0,0,0,0,0,0,0,0
H2O_1998,1998,0,0,0,0,0,0,0,0,0,0,0,0,0,0,0,0,0,0,0,0,0,0,0
High Pool_1998,1998,0,0,0,0,0,0,0,0,0,0,0,0,0,0,0,0,0,0,0,0,0,0,0
Landscape_1998,1998,0,0,0,0,0,0,0,0,0,0,0,0,0,0,0,0,0,0,0,0,0,0,0
Long Beach_1998,1998,0,0,0,0,0,0,0,0,0,0,0,0,0,0,0,0,0,0,0,0,0,0,0
Meander_1998,1998,0,0,0,0,0,0,0,0,0,0,0,0,0,0,0,0,0,0,0,0,0,0,0
Neon_1998,1998,0,0,0,0,0,0,0,0,0,0,0,0,0,0,0,0,0,0,0,0,0,0,0
Suburb_1998,1998,0,0,0,0,0,0,0,0,0,0,0,0,0,0,0,0,0,0,0,0,0,0,0
Transit_1998,1998,0,0,0,0,0,0,0,0,0,0,0,0,0,0,0,0,0,0,0,0,0,0,0
Water_1998,1998,0,0,0,0,0,0,0,0,0,0,0,0,0,0,0,0,0,0,0,0,0,0,0
Apartment_1999,1999,0,0,0,0,0,0,0,0,0,0,0,0,0,0,0,0,0,0,0,0,0,0,0
3 Piano_1999,1999,0,0,0,0,0,0,0,0,0,0,0,0,0,0,0,0,0,0,0,0,0,0,0
Avenue_1999,1999,0,0,0,0,0,0,0,0,0,0,0,0,0,0,0,0,0,0,0,0,0,0,0
Block_1999,1999,0,0,0,0,0,0,0,0,0,0,0,0,0,0,0,0,0,0,0,0,0,0,0
Circuit_1999,1999,0,0,0,0,0,0,0,0,0,0,0,0,0,0,0,0,0,0,0,0,0,0,0
Corridor_1999,1999,0,0,0,0,0,0,0,0,0,0,0,0,0,0,0,0,0,0,0,0,0,0,0
Interval_1999,1999,0,0,0,0,0,0,0,0,0,0,0,0,0,0,0,0,0,0,0,0,0,0,0
Set_1999,1999,0,0,0,0,0,0,0,0,0,0,0,0,0,0,0,0,0,0,0,0,0,0,0
Transfer_1999,1999,0,0,0,0,0,0,0,0,0,0,0,0,0,0,0,0,0,0,0,0,0,0,0
Descent_2000,2000,0,0,0,0,0,0,0,1,0,0,0,0,3,0,0,0,0,0,0,4,0,0,0,2,0,0,0
Balance_2000,2000,0,0,0,0,1,0,0,5,0,0,4,0,0,1,0,0,0,0,0,0,0,0,0,0,0,5,0
Complex_2000,2000,0,0,0,3,0,0,5,0,0,0,0,0,0,0,0,0,0,0,0,0,0,0,0,0,0,2
Court_2000,2000,0,1,0,7,0,0,0,0,7,0,1,0,0,0,0,5,0,0,0,1,0,0,0,0,0,0,5,0
Facade_2000,2000,0,5,0,3,0,0,1,0,0,0,0,0,0,2,0,2,0,0,0,0,0,0,0,0,0,0,0
Flow_2000,2000,0,0,0,6,0,0,0,0,0,0,3,0,0,6,0,0,0,3,0,0,0,0,0,0,1,0,0,2
Home_2000,2000,0,0,5,0,5,0,0,0,0,5,0,1,0,0,0,0,5,0,0,0,0,0,0,0,0,0,0
Neighbourhood_2000,2000,0,8,0,4,0,0,2,0,7,0,0,2,0,0,7,0,0,0,0,0,5,0,0,0,0,0,0,1,0,0,8
Spot_2000,2000,0,5,0,2,0,5,0,0,8,0,0,3,0,1,0,0,0,0,3,0,5,0,0,0,0,0,0,0,0,0
Capital_2000,2000,0,1,1,0,0,0,1,0,1,0,0,0,0,5,0,7,0,0,0,0,0,1,1,0,1
Parallel_2000,2000,0,7,0,0,0,5,0,5,0,0,0,1,0,1,0,0,0,0,3,0,0,3,0,1,0,1,1,1
Exit_2001,2001,0,6,0,8,0,0,0,0,0,0,0,0,0,4,0,0,0,0,0,0,0,0,0,5,0,0,8,0
Ground_2001,2001,0,0,0,0,0,0,0,3,0,8,0,0,0,8,0,0,5,0,3,0,0,0,0,0,0,0,0,0
Passing_2001,2001,0,0,0,2,0,8,0,0,0,0,0,7,0,0,0,0,0,0,0,0,0,0,0,0,5,0,1
Setting_2001,2001,0,0,0,1,0,0,0,0,0,0,0,5,0,7,0,0,0,0,0,0,0,0,0,1,1
Still_2001,2001,0,0,0,0,0,5,0,0,0,5,0,0,0,1,0,0,0,0,0,0,0,0,0,0,0
Building_2001,2001,0,0,7,0,8,0,0,0,0,7,0,1,0,0,0,7,0,7,0,8,0,0,0,0,0,1,1,0,0
Expo_2001,2001,0,0,5,0,3,0,0,0,2,0,7,0,0,7,0,0,0,0,7,0,5,0,0,0,0,0,0,0,0,0
Flux_2001,2001,0,0,0,5,0,0,0,0,0,0,8,0,0,0,0,8,0,8,0,0,0,5,0,0,0,0,0,0
Intersection_2001,2001,1,0,0,1,0,0,0,0,1,0,1,0,0,0,0,0,0,0,0,0,0,1,0
Two Sixty Four_2001,2001,0,5,0,8,0,0,5,1,0,0,0,1,0,0,5,0,0,0,0,0,0,0,0,1,0,0,0
Domicile_2002,2002,0,5,0,7,0,0,0,0,2,0,5,0,1,0,0,0,0,0,0,0,0,0,0,0,5,0,0,0
Park _2002,2002,0,0,0,1,1,0,0,3,0,0,7,0,0,7,0,3,0,0,0,5,0,0,0,0,0,0,3,1,1
Gate_2002,2002,0,0,0,1,0,0,0,0,0,0,1,0,0,0,0,5,0,0,0,0,0,1,0,1
Mezzanine_2002,2002,0,2,1,0,0,0,3,0,7,1,0,1,0,0,0,7,0,7,0,0,5,0,0,2,0,0,0,0,0,7,0
Quarter_2002,2002,0,5,1,0,6,1,0,7,0,0,0,1,0,0,7,0,0,0,0,0,0,0,0,0,2,0,0,5,1
Terrace_2002,2002,0,8,0,5,0,0,3,0,5,0,0,0,3,0,7,0,0,0,0,0,0,5,0,0,0,0,0,1,0,7,1
Tube_2002,2002,0,0,5,0,0,4,0,0,0,1,0,0,0,0,0,3,0,0,0,0,0,0,0,0,0,0,2,1
Intermezzo_2003,2003,0,0,1,1,0,0,0,0,0,0,1,0,0,0,0,0,0,0,0,0,1,0,5,1
Info_2003,2003,0,0,0,0,2,0,0,0,5,0,1,0,0,0,0,3,0,0,0,0,0,0,0,0,7,0,0
Tour_2003,2003,0,5,0,0,1,0,0,0,0,2,1,0,0,3,0,0,0,0,5,0,0,0,0,0,1,0,0
Midi_2003,2003,0,0,0,0,3,0,0,0,0,0,0,0,0,0,0,0,5,0,0,0,0,0,1,0,5,1
Lille_2003,2003,0,0,0,0,3,0,0,0,2,0,0,5,0,0,0,0,0,0,0,0,0,0,0,1,0,5,1
Metro_2003,2003,0,0,0,1,0,0,0,0,0,7,0,0,2,0,5,0,0,1,0,0,0,0,0,1,1,1
Etage_2003,2003,0,0,0,1,1,0,0,0,4,0,5,0,0,0,3,0,0,0,7,0,0,0,0,0,1,1,1
Platform_2003,2003,0,1,0,5,0,0,0,1,0,1,0,0,0,1,1,0,0,0,0,1,0,1,0,0
Habitat_2003,2003,0,0,7,1,0,0,0,1,0,1,0,0,0,0,0,0,0,0,0,0,0,5,0,0,1
Annex_2003,2003,0,1,1,0,1,0,1,0,1,0,0,0,0,0,0,0,0,0,0,0,0,0,1
Column_2003,2003,0,1,0,0,0,1,0,0,7,0,0,0,0,0,0,0,1,0,0,0,5,1,0,0,0
Crop_2003,2003,0,0,0,0,0,0,0,5,0,0,5,0,6,1,0,0,0,0,0,0,0,1,1,0,0,0
Focus_2003,2003,0,1,0,0,0,0,0,0,1,1,1,0,0,0,0,0,0,0,0,0,0,0,0
Grid_2003,2003,0,0,0,1,1,0,0,0,1,0,0,0,0,0,0,0,0,0,0,0,1,1,0
Lobby_2003,2003,0,0,1,1,0,0,0,0,0,0,1,0,0,0,0,0,0,0,0,0,1,0,5,1
Model_2003,2003,1,0,0,1,1,0,0,0,0,0,1,0,0,1,1,0,0,0,0,1,1,1,1
Plateau_2003,2003,0,1,1,1,1,0,1,0,1,0,0,0,0,1,0,0,0,0,0,0,1,0,1
Prospect_2004,2004,0,0,0,0,0,0,0,7,0,0,5,0,0,0,0,0,8,0,0,0,0,0,0,0,0,1
Nexus_2004,2004,0,3,1,0,0,0,0,1,0,1,0,0,0,0,5,0,0,0,0,0,0,0,0,0,1
Level_2004,2004,0,3,1,0,0,3,0,3,0,3,0,8,0,1,0,0,5,0,3,0,6,0,0,0,0,0,0,0,0,5,0,1
Gazette_2004,2004,0,7,0,1,0,3,0,0,0,0,0,7,0,0,0,0,0,1,0,0,0,0,0,0,0,1
Plan_2004,2004,0,0,0,1,0,8,0,0,0,0,0,0,0,0,0,0,0,0,5,0,0,1,1,0,7,1
Frame_2004,2004,0,7,0,0,0,5,0,8,0,0,0,0,5,0,0,5,0,0,0,0,0,0,0,0,0,0,1,0
Section_2004,2004,0,3,0,0,0,5,0,8,0,0,8,0,1,0,0,5,0,0,0,0,0,0,0,0,0,0,1,0
Facet_2004,2004,0,3,1,0,0,0,0,0,7,0,1,0,0,0,0,5,0,0,0,0,0,0,0,0,0,1
Class_2004,2004,0,3,0,0,0,8,0,5,0,2,0,0,0,0,0,0,0,0,7,0,0,0,0,0,2,0,4,0,7,0,1
Panorama_2004,2004,0,7,0,8,0,2,0,5,0,7,0,0,0,1,0,0,2,0,0,0,8,0,0,0,0,0,0,1,0,1
Sequence_2004,2004,0,5,0,0,0,7,0,7,0,0,0,0,8,0,0,0,0,0,0,7,0,0,0,1,0,1,0,1
Palace_2004,2004,0,8,0,8,1,0,0,8,0,0,8,0,1,0,1,0,0,0,1,0,0,0,5,0,0,1,1,1
Link_2004,2004,1,0,6,0,1,1,0,0,0,1,0,0,0,7,0,0,1,0,0,0,0,0,5,1,1,1
Gallery_2004,2004,0,4,0,5,0,5,0,5,0,7,0,0,0,1,0,0,2,0,0,0,5,0,0,3,0,0,0,0,1,0,3,1
Front_2004,2004,0,7,0,0,0,7,0,7,0,0,0,1,0,0,5,0,0,0,1,0,0,2,0,1,0,1,0,4,1
Canvas_2004,2004,0,8,0,0,0,7,1,0,0,0,1,0,0,5,0,0,0,0,0,0,2,0,0,0,1,0,1
Match_2004,2004,1,0,0,5,0,5,0,8,0,1,0,0,0,5,0,0,0,7,0,5,0,0,0,0,0,0,0,0,1
Scene_2004,2004,0,0,0,0,2,0,0,0,0,3,0,7,0,0,0,0,0,1,0,0,5,0,0,0,0,0,0
Module_2004,2004,0,1,0,1,1,0,0,0,1,0,0,8,0,0,0,0,0,0,0,0,1,0,1,1
Zone_2004,2004,0,0,0,1,0,0,0,0,0,0,1,0,0,0,5,0,5,0,0,0,0,0,0,1,1
Loop_2005,2005,0,0,0,0,5,0,5,0,0,0,0,5,0,0,5,0,0,0,0,8,0,0,0,0,0,1,1,1
Enterprise_2005,2005,0,5,0,6,0,5,0,0,5,0,0,8,0,1,0,0,5,0,0,8,0,8,0,0,0,0,0,0,1,0,1
Display_2005,2005,1,1,0,5,0,0,0,1,0,1,0,2,0,0,2,0,8,0,0,2,0,5,0,0,0,0,0,7,0,1
Enclave_2005,2005,0,0,2,0,4,0,6,0,5,0,1,0,0,8,0,0,0,0,0,0,0,5,0,0,0,0,5,0,5,0,0
Domain_2005,2005,0,4,0,6,0,0,0,0,0,3,0,0,7,0,0,0,0,5,0,5,0,0,0,3,0,0,5,0,8,0,0,2,0
Room_2005,2005,0,1,0,5,0,0,0,5,0,8,0,0,8,0,0,0,5,0,8,0,8,0,0,0,0,0,0,0,0,0
Core_2005,2005,0,2,1,0,5,0,0,0,5,0,8,0,0,8,0,0,0,0,5,0,8,0,0,0,0,0,0,0,0,0
Palette_2005,2005,0,4,1,0,5,0,0,0,5,0,8,0,0,8,0,0,0,0,5,0,5,0,0,0,0,0,0,0,0,1,0
Queue_2005,2005,0,2,0,2,0,0,0,0,0,4,0,0,7,0,0,3,0,2,0,5,0,5,0,0,4,0,0,0,0,0,2,0,0
Unit_2005,2005,0,0,0,0,5,0,0,0,0,0,0,0,2,0,0,0,0,0,0,2,0,0,0,0,2,0,2,0
Reservoir_2005,2005,0,3,0,8,0,1,0,0,0,7,0,0,7,0,8,1,0,8,0,0,0,0,8,0,0,1,0,8,0,8,1,0,8
Image_2005,2005,0,0,8,0,0,0,0,0,8,0,0,8,0,1,0,0,0,0,0,0,0,1,1,0,0,0
Regime_2005,2005,0,1,0,1,1,0,1,0,1,0,0,0,0,0,1,0,0,0,0,5,0,8,1,1,1
Border_2005,2005,0,1,1,0,0,0,0,5,0,0,5,0,1,0,0,0,0,0,0,0,0,0,7,0,0,0
Storey_2005,2005,0,1,1,0,0,1,1,0,1,0,1,0,1,1,0,1,0,0,0,1,0,0,0
Circle_2006,2006,0,0,0,4,0,5,0,0,0,0,0,5,0,5,0,8,0,5,0,0,0,8,0,0,0,0,0,3,0,0,5,0,8
Memo_2006,2006,0,0,0,0,5,0,0,0,0,0,5,0,5,0,0,0,0,0,0,0,0,0,0,0,5,0,0,8
Contact_2006,2006,0,0,0,3,0,5,0,0,0,0,0,5,0,0,0,0,0,0,8,0,0,0,0,0,0,0,7,0,9
Collage_2006,2006,0,0,3,0,0,0,0,0,5,0,0,5,0,0,0,0,0,3,0,0,0,0,0,0,0,0,0
Filter_2006,2006,0,0,0,0,0,0,0,4,0,0,5,0,0,0,0,0,3,0,0,0,0,0,0,0,0,0,2
Corner_2006,2006,0,0,0,0,5,0,3,0,0,3,0,0,0,0,0,2,0,0,0,3,0,0,5,0,0,0,0,5,0,7,0,7
Bloom_2006,2006,0,2,1,0,0,0,0,1,0,1,0,0,0,0,7,0,0,0,0,0,1,1,0,0,1
Fringe_2006,2006,0,7,0,0,1,0,0,0,0,0,0,5,0,0,0,0,3,0,5,0,5,0,0,0,5,0,0,0,5,0,0,7
Array_2006,2006,0,0,0,0,3,0,5,0,0,5,0,2,0,5,0,0,0,0,0,0,0,2,0,4,0,0,0,0,0,0
Cycle_2006,2006,0,5,0,0,0,7,0,0,0,0,1,0,0,0,0,0,1,0,1,0,4,0,0,1,1,1
Interlude_2006,2006,0,0,8,0,0,8,0,0,0,8,0,1,0,0,0,0,0,7,0,0,0,0,0,0,8,1,0,1
Studio_2006,2006,1,1,0,1,1,0,0,6,0,1,0,0,0,0,0,1,0,0,0,0,0,1,1,1
Arcade_2006,2006,0,5,0,8,1,0,5,0,8,0,1,0,1,0,1,0,0,1,1,0,4,0,8,0,0,0,0,1,0,5,1
Mirage_2006,2006,1,1,0,0,1,0,1,0,1,0,0,0,5,0,9,0,5,0,0,3,0,0,0,0,0,0,5,1
Sector_2006,2006,0,0,0,4,0,5,0,0,0,0,0,5,0,5,0,8,0,5,0,0,0,8,0,0,0,0,0,3,0,0,5,0,8
Entrance_2006,2006,0,3,0,0,0,1,0,0,5,0,0,5,0,0,0,0,0,4,0,0,0,0,0,0,0,5,0,0,5
Square_2006,2006,0,0,4,0,0,7,0,7,0,0,0,0,8,0,0,3,0,0,0,0,4,0,0,0,0,0,0,0,8,0,8
Screen_2006,2006,0,0,1,0,8,0,0,0,8,0,1,1,1,0,0,1,1,0,0,0,0,0,0,0,1
Network_2006,2006,0,0,0,3,0,0,0,0,0,0,7,0,0,5,0,0,0,0,0,0,0,0,0,0,2,0,0
Presence_2006,2006,0,0,0,0,2,0,0,0,0,0,0,0,0,0,0,0,1,0,0,0,0,0,0,1,0,0
Exposure_2007,2007,0,0,3,0,0,0,0,3,0,5,0,5,0,7,0,0,2,0,0,7,0,6,0,5,0,0,0,0,0,1,0,0
Base_2007,2007,1,0,0,0,0,0,0,7,0,0,7,0,0,5,0,0,0,0,0,0,0,0,0,0,0,0
Center_2007,2007,0,0,0,0,5,0,0,0,0,0,8,0,0,0,0,0,0,0,0,0,0,0,0,0,3,1
Access_2007,2007,0,0,0,0,3,0,0,0,0,0,0,0,0,0,0,0,2,0,0,0,0,0,0,0,4,0,6
Aperture_2007,2007,0,0,0,0,7,0,2,0,0,0,0,0,0,5,0,0,0,0,0,0,0,0,0,0,0,5,0
Detail_2007,2007,0,0,7,1,1,0,0,0,8,0,1,1,1,1,0,4,0,4,0,0,0,0,0,1,0,0,5,0,5
Dynasty_2007,2007,0,5,1,1,0,6,0,0,1,0,1,1,1,1,1,1,0,0,2,0,3,0,0,8,1,0,5,0,8,0
Living_2007,2007,0,0,0,0,0,8,0,0,0,1,0,0,0,0,0,0,0,0,0,0,0,0,0,0
Passage_2007,2007,0,0,0,0,0,0,0,0,0,0,0,0,0,0,7,0,0,0,0,0,0,0,5,0,0
Bouquet_2008,2008,0,1,0,0,0,0,7,1,0,0,8,0,5,0,1,1,0,9,0,1,0,2,0,1,1,0,0,0
Forum_2008,2008,0,0,0,7,0,1,0,8,0,8,0,1,0,5,0,5,0,1,0,4,0,2,0,4,0,0,0,0,1,0,0
House_2008,2008,0,2,0,0,0,2,0,0,3,0,0,3,0,0,0,6,0,0,4,0,5,0,4,0,0,8,0,0,0,1,0,0
Territory_2008,2008,0,0,5,0,0,0,0,0,0,1,0,2,0,0,0,3,0,1,0,0,0,0,0,1,0,7,0,0,0
Labyrinth_2008,2008,0,0,3,0,0,4,0,0,0,6,0,0,4,0,0,0,0,3,0,0,0,3,0,0,0,0,0,0,3,0,5
Cluster_2008,2008,0,0,6,0,0,1,0,0,0,1,0,0,5,0,2,0,5,0,0,3,0,3,0,2,0,0,0,1,0,5,0,8
Atmosphere_2008,2008,0,0,0,0,7,0,0,0,0,4,0,3,0,0,8,0,0,0,0,0,0,5,0,8,0,0,0,0,0,8
Volume_2008,2008,0,0,8,0,4,0,5,0,0,3,0,7,0,0,8,1,0,8,0,8,1,0,8,0,0,0,0,0,8,1,0,3,0,0
Support_2008,2008,0,0,8,0,0,0,5,0,0,6,0,0,8,0,0,0,0,3,0,0,0,3,0,0,0,0,0,0,5,0,5
Junction_2008,2008,0,0,0,2,0,4,0,0,0,0,5,0,8,0,0,0,0,0,0,7,0,7,0,4,0,0,0,0,0,0,5
Spectrum_2008,2008,0,1,1,0,0,0,2,0,8,0,1,0,0,1,1,0,7,0,0,8,0,0,0,0,5,0,0,0
Replica_2008,2008,0,0,0,2,0,0,0,0,0,3,0,0,0,4,0,0,0,0,0,2,0,7,0,3,0,6,0,0,0,0
Control_2008,2008,0,3,0,5,0,0,8,0,5,0,2,0,4,0,1,0,8,0,7,0,6,1,0,2,0,0,9,0,4,0,0,1,1,0,3,1,1
Nature_2008,2008,0,1,0,0,1,0,1,0,1,0,0,0,0,0,0,1,0,0,0,0,0,0,0
Project_2008,2008,0,0,3,0,3,0,0,3,0,0,4,0,0,4,0,0,0,0,4,0,0,0,0,0,0,0,0,8,0,1
Property_2008,2008,0,0,8,0,6,0,5,0,8,0,0,8,0,0,8,0,5,0,0,0,5,1,0,0,2,0,0,0,0,1,0,5,1
Summit_2008,2008,0,0,5,0,0,0,0,1,0,1,0,5,1,1,0,0,0,0,0,0,1,1,0,0,0,7
Transition_2008,2008,0,0,0,1,0,5,0,0,0,0,5,0,1,0,5,0,3,0,0,5,0,0,0,0,0,0,5,0,5,0,8
Site_2008,2008,0,1,1,1,1,0,0,0,1,0,0,0,0,1,0,0,0,0,0,0,1,1,1
Matrix_2008,2008,0,5,0,0,0,8,0,0,0,0,5,1,0,0,0,0,0,0,8,0,5,0,5,0,0,0,1,0,5,1
Monitor_2008,2008,1,1,0,0,5,1,1,1,1,1,0,5,0,1,0,0,1,1,1,0,1,0,0,0,1
Flood_2009,2009,1,0,7,0,0,1,0,0,0,1,0,0,1,1,1,0,0,0,0,0,0,0,0,1
Picture a Mirror_2009,2009,0,3,0,0,0,0,0,0,0,0,0,0,0,0,0,0,0,0,5,0,0,0,0,0,4,0
Matter_2009,2009,0,5,0,3,0,0,7,0,8,0,0,5,0,5,0,8,0,0,0,0,0,0,5,1,0,5,0,3,0,0,1,0,3,0,5
Play_2009,2009,0,0,0,1,0,0,0,5,0,0,0,0,0,7,0,0,0,0,0,0,1,0,5,0,0,0
Race_2009,2009,1,0,0,5,1,0,5,0,0,8,0,0,5,1,0,0,3,0,8,1,0,0,5,0,0,0,0,1,1,0
Condominium_2010,2010,0,1,1,0,1,0,1,0,1,0,0,5,0,1,1,0,0,0,0,0,1,1,0,1
The English House_2010,2010,0,1,1,1,0,0,0,5,0,1,1,1,1,0,0,0,0,0,2,0,1,1,0,0,1
Green Zone_2010,2010,0,0,0,1,0,0,0,5,0,0,0,0,7,0,7,0,0,0,0,0,0,0,0,5,0,0,2,0
SuperVision_2010,2010,0,0,0,7,1,1,0,0,0,0,8,0,0,8,0,0,0,1,0,0,0,0,0,1,1,1
China Halo_2010,2010,0,1,0,0,0,3,0,1,0,1,0,0,0,1,0,7,1,1,0,0,0,0,1,0,1
Crossover_2010,2010,0,0,0,5,0,5,0,0,0,3,0,0,5,0,0,0,0,6,0,0,0,0,0,0,0,5,1,0,1
Premises (in Red)_2010,2010,1,1,1,0,1,0,1,0,1,0,1,0,5,0,8,0,5,0,0,0,0,0,0,5,1,0,1
One Brilliant Complex_2011,2011,0,0,8,0,1,0,5,0,0,5,0,0,5,0,0,0,5,0,8,0,0,2,0,0,0,0,0,5,1,1,1
The Approach_2011,2011,1,0,0,0,0,0,0,0,1,0,0,0,0,0,1,0,0,5,0,0,0,1,0,5,1
Double Standard_2012,2012,0,0,0,5,0,5,0,5,0,0,0,0,0,0,2,0,0,5,0,7,0,0,4,0,0,0,0,0,7,0,0,8
Plot Ratio_2012,2012,0,0,5,0,8,0,3,0,0,0,0,1,0,0,0,0,8,0,7,0,0,8,0,0,1,0,3,1,0,0,3
Synchronicity_2012,2012,0,3,0,0,2,0,0,3,0,6,0,7,0,1,0,0,2,0,0,5,0,5,0,5,0,8,0,8,0,0,0,1,0,3,0,5
Costa Blanca_2012,2012,0,0,5,1,0,5,0,0,0,5,0,1,0,5,0,0,1,1,0,0,5,0,0,0,0,5,1,0,0
Flatland_2012,2012,1,1,0,0,1,0,0,0,3,1,0,0,0,0,0,0,0,0,0,7,0,7,1,0,0,0
Hotel Opportunity_2012,2012,0,0,5,0,3,0,1,0,0,5,0,1,0,8,0,0,0,7,0,0,0,5,0,0,0,0,5,0,8,0,0,5
Mission Interlude_2012,2012,0,2,1,1,0,8,0,8,0,1,0,1,0,8,0,3,0,8,1,1,1,0,5,0,0,1,0,1,1,1
Multi Story Building_2012,2012,0,1,0,2,0,3,0,0,0,0,0,0,8,0,0,5,0,0,0,0,0,0,0,0,0,0,7,0,5,0,5
Timeport_2012,2012,0,5,0,8,0,5,0,0,0,7,1,0,1,0,0,1,0,0,0,0,0,8,0,1,0,5,0,0,0
Hollywood_2013,2013,0,0,0,7,1,1,0,1,0,1,0,0,0,0,1,0,0,0,0,0,0,7,0,0,1
Megalopolis_2013,2013,0,5,0,0,5,0,0,0,3,0,0,5,0,0,0,2,0,0,0,0,5,0,7,0,3,0,0,0,0,5,0,1
Paramount_2013,2013,0,0,7,0,0,0,0,3,0,0,0,0,5,0,1,1,0,0,0,0,0,1,0,7,1,0,1
Thriller_2013,2013,0,0,0,5,0,0,0,0,5,0,1,0,0,0,4,0,0,0,5,0,0,0,0,7,0,0,0,0,7
Capital no Capital_2013,2013,0,0,0,4,1,1,0,0,0,1,1,0,0,0,0,0,0,0,0,0,0,5,1,1,1
California_2013,2013,0,0,8,0,1,0,0,1,0,1,0,0,1,1,0,0,0,0,5,0,1,0,0,0,1
Levante_2013,2013,0,3,0,6,0,5,0,7,0,8,0,0,5,0,1,0,0,0,0,4,0,0,0,5,0,0,0,0,1,0,1
Propitious Grounds_2013,2013,0,0,3,0,0,5,0,5,0,0,5,0,1,0,0,4,0,0,0,0,0,0,0,0,0,5,0,5,0,5,0,5
The Strip_2013,2013,0,6,1,0,5,0,5,0,5,0,2,1,0,5,1,0,5,0,0,5,1,0,6,0,0,4,0,0,0,0,0,4,0,2,0,6
Treasure Gathering Square_2013,2013,1,1,0,0,0,5,0,0,0,5,1,0,0,0,1,1,0,1,0,8,0,0,0,0,0,1
The Crossroads_2014,2014,1,0,0,0,5,0,5,0,0,0,1,0,1,1,0,0,7,1,0,0,0,5,0,0,1,1,1
The Deal_2015,2015,1,0,0,0,3,0,3,0,0,0,1,0,0,8,0,0,0,0,5,0,0,5,0,5,0,0,1,0,4,0,7
Panacea_2015,2015,0,1,0,0,5,0,5,0,0,0,1,0,0,0,1,0,5,0,1,0,0,0,0,0,0,0
Wonderland_2015,2015,0,0,5,0,5,0,0,5,0,0,5,0,1,0,0,0,0,0,3,0,0,0,0,0,0,0,0,0
Momentum_2016,2016,0,0,7,1,1,0,7,0,0,7,0,1,0,0,0,6,0,0,0,0,0,0,1,1,0,0,1
The Next Level_2016,2016,1,1,0,1,1,0,5,0,8,0,1,0,5,0,0,0,5,0,0,0,8,0,5,0,0,5,0,0,0,1
UN_2016,2016,0,2,0,2,0,0,0,0,0,5,0,1,0,0,2,0,4,0,1,0,0,0,0,2,0,1,1,0,3,0,0,3
Entr'acte_2016,2016,1,0,4,0,5,1,0,5,0,0,0,1,0,5,0,3,0,6,0,1,1,0,0,5,0,5,1,0,1,1,1
Performance_2017,2017,0,0,0,1,0,7,0,0,0,0,5,0,0,4,0,0,0,0,6,0,0,0,0,0,3,1,0,3,1
The Valley Continuum_2018,2018,1,1,0,1,0,5,0,3,0,0,5,0,8,0,0,6,0,5,0,0,0,5,0,5,0,0,0,0,4,0,4,1,1
